monthly_cash_flow_sar,registration_age_months,defaulted
-28826.57,74,1
-4739.32,184,0
-6571.17,162,0
133148.01,126,0
87860.03,159,0
249656.71,81,0
99018.85,39,0
1137.64,131,1
-36432.03,8,1
162794.76,141,0
96477.60,58,0
134194.62,22,0
36172.33,20,1
-5452.36,108,1
33740.66,203,0
167574.63,218,0
196689.40,203,0
189629.03,209,0
12620.89,7,1
222694.23,170,0
206871.55,187,0
5078.38,21,1
244651.07,154,0
177709.88,161,0
11671.78,170,0
-22349.35,34,1
97156.53,89,0
143659.15,200,0
100691.15,226,0
244549.60,49,0
167220.96,178,0
-1944.54,74,1
193140.84,107,0
139140.24,56,0
61541.50,196,0
249878.92,219,0
195900.12,164,0
245596.69,47,0
242224.42,83,0
50606.08,24,1
-8574.56,53,1
43192.30,78,0
-10430.87,149,0
71814.10,101,0
187360.56,94,0
117096.77,73,0
125935.67,208,0
10573.73,95,0
42335.02,92,0
93484.74,189,0
-38937.87,151,1
213401.63,40,0
-20819.08,9,1
160297.69,187,0
64533.62,53,0
191213.55,42,0
77264.86,185,0
128613.06,177,0
119912.73,197,0
30230.65,10,1
151877.46,38,0
111576.91,239,0
-8713.78,5,1
-28537.59,219,1
-13305.16,30,1
28176.88,75,1
91745.35,179,0
81173.30,18,1
74274.82,43,0
-25126.84,86,0
249277.58,168,0
86523.93,9,0
72781.93,103,0
-49996.80,161,1
118936.78,207,0
146360.39,181,0
2937.96,72,0
-12317.98,125,1
75887.64,13,1
233350.44,130,0
132361.35,194,0
71506.92,62,1
103158.06,137,0
129190.31,187,0
62827.89,208,0
73825.84,50,0
19317.22,105,0
157626.90,11,0
70587.79,222,0
89781.58,180,0
96477.89,234,0
136719.04,158,0
151679.39,236,0
18013.29,60,1
29488.92,208,0
-2393.13,58,1
230204.90,196,0
77920.97,29,0
183588.21,218,0
201112.19,3,0
166342.67,50,0
-49355.86,38,1
169065.97,102,0
140734.61,183,0
114609.29,240,0
194792.80,163,0
8523.57,30,0
109735.55,64,0
113340.56,99,0
4746.78,92,0
-15182.61,118,0
71538.36,23,0
196093.07,38,0
-2614.17,84,0
130572.96,19,0
125246.59,127,0
-22117.99,3,1
37497.79,65,1
38741.72,41,1
60483.90,43,0
140759.95,3,1
57293.66,73,0
40129.86,137,0
-32010.12,8,1
241546.35,17,0
-39428.46,143,0
189559.83,118,1
246288.05,159,0
-49422.35,105,1
88577.89,186,0
76505.14,114,1
72478.43,204,0
123028.62,50,0
170652.50,110,0
226028.97,223,0
184015.26,215,0
95130.04,104,1
90675.31,6,0
173100.36,13,0
188122.08,128,0
219188.26,77,0
196142.10,58,1
98090.36,56,1
125958.15,80,0
135886.43,89,1
73384.58,171,0
174961.61,100,0
109238.56,46,0
77607.79,205,0
30936.41,16,1
142901.61,135,0
21592.90,21,1
-33777.35,112,1
119743.94,1,0
237460.48,194,0
147009.40,85,1
190157.11,19,1
-12065.38,205,0
209954.73,141,0
166334.20,9,0
151599.36,227,0
106777.79,232,0
191102.22,59,0
-26671.04,175,0
242566.45,73,0
35255.67,199,0
41714.04,212,0
128057.54,197,0
197002.13,98,0
-32204.79,111,0
78801.71,78,0
160639.35,111,0
235386.42,64,0
67906.12,222,0
-38471.66,25,1
170369.88,181,0
-3638.49,63,1
5914.73,19,1
247578.50,239,0
228695.07,234,0
-16435.03,220,0
146208.93,160,0
25124.17,72,1
247576.26,151,0
50619.72,100,0
79731.09,72,0
151230.74,215,0
24198.88,198,0
19894.25,150,1
249947.24,205,0
59379.53,133,1
206417.19,186,0
68849.57,70,1
189807.64,101,0
-3153.86,196,0
67762.84,172,0
168202.00,160,0
94726.69,38,0
-24854.70,172,1
135213.33,130,0
237622.88,27,0
240378.66,71,0
118971.69,62,0
178322.89,196,0
44372.20,196,0
64145.48,17,1
198974.82,11,0
185114.34,42,0
134150.31,28,0
222122.63,121,0
148972.32,237,0
-426.77,53,1
193270.69,161,0
153663.73,155,0
-27934.00,168,0
50838.93,148,1
21207.09,88,0
168813.47,197,0
184281.24,41,0
242167.26,20,0
174169.04,80,0
180780.75,142,0
17094.30,58,1
75024.13,60,1
88451.50,238,0
78163.94,199,0
187668.57,67,0
160344.98,161,0
233012.22,167,0
52870.65,7,1
-3420.84,219,0
34992.18,229,0
28583.00,210,0
44038.94,217,0
242018.59,83,0
80851.65,131,0
231529.37,33,0
238844.97,205,0
-36137.91,93,1
194087.72,218,0
157882.59,190,0
-23605.73,230,1
209226.21,142,0
69808.09,209,0
237246.11,77,0
192010.15,192,0
165452.62,240,0
42397.53,33,0
81726.27,228,0
3386.80,69,0
222815.28,149,0
25158.91,76,1
-1173.35,24,0
225126.78,216,0
6939.00,66,1
-34606.45,229,0
85469.54,195,0
110979.93,141,0
212347.50,184,0
115820.53,71,0
179995.51,158,0
68741.61,96,1
248616.82,66,0
145146.61,116,0
127589.04,116,0
228640.44,236,0
206815.16,137,0
15153.06,72,1
-18921.05,226,0
16105.44,173,0
-44855.24,67,1
194493.80,189,0
10503.96,8,1
4932.20,85,0
70986.61,186,0
112704.89,98,0
196708.27,110,0
50421.69,216,0
248810.40,78,0
240290.17,15,0
-12817.50,38,1
21906.18,233,0
102925.95,212,0
216718.10,227,0
-31798.51,220,0
-26140.69,106,0
130274.46,34,1
166539.10,175,0
131982.76,218,0
153785.55,224,0
111343.99,67,1
130830.03,123,0
207492.67,209,0
140629.98,144,0
-15109.57,163,0
163023.57,188,0
24729.86,58,1
123687.50,129,1
-15175.50,33,1
-21416.63,239,0
32984.70,150,0
149031.33,183,0
208054.91,64,0
176513.62,23,0
249739.54,79,0
20563.45,67,1
232958.09,240,0
-38778.34,17,1
116302.88,118,0
50217.43,87,1
207668.02,107,0
30195.02,208,0
-33008.20,220,0
164886.28,71,0
-32377.35,158,0
18498.99,5,1
69738.94,51,0
236514.45,111,0
174334.12,136,0
-19858.24,73,0
34492.26,205,0
147900.80,59,0
-21782.48,27,1
21417.87,167,0
-43143.13,96,1
132161.86,232,0
66217.06,51,0
189759.00,75,0
247265.81,136,0
-2168.51,153,0
161372.50,15,0
5938.24,209,0
35248.30,37,1
158512.84,1,0
92645.31,125,0
197177.00,66,0
116614.57,112,0
202701.75,229,0
43281.60,188,0
-44979.51,237,0
30852.74,186,0
188154.95,71,0
182627.98,220,0
61480.93,139,0
190992.92,52,0
68914.74,141,0
166995.49,218,0
218066.11,112,0
92627.27,129,0
119538.38,73,0
118152.80,196,0
97287.56,44,0
-21662.22,191,1
87527.40,27,1
85679.83,162,0
206042.13,47,0
212351.03,142,0
-1551.11,78,1
155967.61,189,0
149741.79,80,1
83083.99,196,0
219066.32,97,0
127117.34,106,0
113183.84,68,1
228100.90,234,0
-15229.51,44,1
-8904.57,85,0
162296.78,193,0
-28300.63,28,1
15124.04,146,0
243452.36,222,0
140324.15,65,0
135835.72,58,0
-22703.27,59,1
-2684.92,12,1
234152.68,155,0
-5578.96,140,0
66326.75,92,0
130243.76,114,0
41656.72,75,1
229476.54,87,0
204360.38,238,0
166797.35,155,0
190067.04,163,0
109499.99,193,0
53820.38,59,1
219615.63,78,0
126584.02,100,0
60042.87,44,0
21866.90,166,0
132320.62,225,0
166789.48,97,0
203503.63,137,0
17468.45,183,0
100526.19,57,1
236277.55,128,0
164254.37,20,0
78031.48,82,0
-2282.38,52,0
179730.42,58,0
-29181.68,193,1
72139.40,158,0
96663.45,164,0
81240.76,143,0
-6164.77,229,1
37668.70,17,1
-4013.51,111,0
209735.17,239,0
77819.72,168,1
176990.11,201,0
-36034.21,58,1
47145.62,101,1
84166.50,94,1
-34820.90,50,1
234030.88,225,0
92058.00,188,0
-33381.65,147,1
-26574.00,216,0
6784.47,55,0
11795.23,140,1
156864.13,185,0
81194.35,112,0
139230.56,47,0
109597.96,163,0
-10812.12,48,1
18206.72,70,0
-12997.12,54,1
200944.83,194,0
225699.35,3,1
217632.44,135,0
230939.83,80,0
-8092.58,164,0
79725.96,71,0
101893.34,177,0
46348.41,82,1
11897.80,172,0
183628.42,135,0
124234.11,98,0
13410.37,145,0
93338.71,19,0
26772.52,57,1
78728.79,6,1
139730.60,185,0
238268.40,142,0
-35513.10,224,0
-48756.24,99,1
-28748.47,195,0
185360.67,185,0
222176.90,44,0
70264.51,82,1
-21324.08,184,0
219010.81,223,0
230411.64,235,0
84771.35,125,0
-7565.00,137,0
-5844.28,232,0
29453.19,45,0
26988.10,226,0
24427.13,111,0
-34162.22,45,1
9824.21,200,0
204516.04,189,0
25331.29,10,1
126365.17,28,0
120681.26,149,0
201644.94,101,0
-47439.17,209,0
-20515.53,179,0
-6163.38,197,0
-8966.91,147,0
109354.01,49,0
174988.07,7,0
236684.79,125,0
159510.73,232,0
108919.47,109,0
113050.35,177,1
247238.21,66,0
-31458.04,219,1
234713.06,124,0
-9753.77,100,1
100620.16,166,0
188823.07,217,0
55408.94,102,0
-32361.44,10,1
-1114.66,51,1
69982.77,163,0
185918.29,1,0
211433.79,32,0
215578.03,166,0
47641.90,124,0
-34287.58,9,1
149342.71,178,0
45379.07,23,0
131041.96,140,0
145615.37,141,0
161695.15,133,0
135561.21,93,0
142196.30,207,0
188054.75,37,0
130987.89,178,0
-47161.90,135,0
23253.73,8,0
-7213.90,218,0
12896.26,232,0
146143.84,8,0
222885.31,192,0
27680.58,199,1
229743.20,160,0
110438.10,203,0
9047.96,66,1
247571.66,67,0
63133.86,109,0
44148.65,107,0
81879.10,234,0
-19833.62,106,0
-9389.88,46,1
-34396.47,42,1
-25680.83,105,1
77022.70,230,0
237513.59,213,0
52988.52,45,0
105532.30,156,0
50881.74,230,0
185869.45,117,0
136260.08,153,1
-2393.21,228,0
118731.27,132,0
81004.29,22,0
152698.69,102,0
151337.85,87,0
111591.54,112,0
173025.18,156,0
6395.05,77,1
171071.37,151,0
244310.96,117,0
173300.38,159,0
180622.83,175,0
-6734.51,16,0
502.31,4,0
145769.87,205,0
102274.94,16,0
106091.71,175,0
196628.32,141,0
173334.96,55,0
187579.68,117,0
176109.65,157,0
-48818.00,232,1
12338.95,239,0
75108.93,156,1
104289.81,15,0
6537.84,8,0
-30294.65,208,1
242240.39,135,0
11334.66,157,0
214006.52,164,0
35008.15,183,0
94847.22,73,0
-712.80,213,0
9183.27,45,1
220032.26,207,0
25783.32,69,0
168443.76,33,1
58845.17,50,0
151345.86,75,1
234210.59,168,0
161556.63,50,0
-31225.72,60,0
45674.37,227,1
106810.59,132,0
118294.78,211,0
178061.49,91,0
209245.03,131,1
90099.55,148,0
151854.87,139,0
27467.55,74,1
-21902.75,155,0
4051.91,116,0
131510.32,199,0
54025.92,32,1
235055.14,207,0
32506.35,225,0
237247.80,103,0
101276.84,219,0
120130.37,73,0
203833.12,52,0
36865.16,134,0
-22500.66,48,0
18351.64,70,1
19532.53,231,0
-16237.54,152,0
-30228.75,171,1
102127.97,109,0
-28201.81,207,0
164274.02,238,0
-17468.04,95,0
157262.30,138,0
186974.91,79,0
182908.85,133,0
51752.67,92,0
-4838.20,146,1
191581.87,175,0
158996.21,168,0
222461.71,45,0
63817.29,16,1
233850.42,235,0
174209.96,236,0
58254.10,115,0
81102.45,10,0
-48406.70,103,1
181178.86,27,0
232681.69,167,0
63013.49,28,1
138488.55,92,0
219322.24,198,0
232674.22,223,0
30797.59,192,1
102970.18,40,0
26898.77,158,0
185730.21,184,0
55157.91,77,1
79521.67,205,0
218345.36,31,0
111377.74,67,0
-21660.54,81,1
62894.87,199,0
-11123.70,61,0
159468.99,186,0
49086.42,118,1
225339.72,58,0
154131.80,169,0
194266.01,233,0
45987.71,167,0
108608.58,78,0
120896.90,57,0
26955.15,141,0
116884.98,173,0
191433.76,229,0
163257.43,4,0
172665.79,16,0
-16208.34,32,1
241536.04,136,0
202101.49,171,0
40019.14,132,0
36731.59,168,0
88666.87,223,0
-48362.07,114,0
70799.66,15,1
120195.89,112,0
100302.23,135,1
3845.11,230,1
182431.64,2,0
86673.98,14,0
89706.96,124,0
194494.11,48,0
35829.62,180,0
201940.24,155,0
146213.97,216,0
17851.45,199,1
-22271.46,87,0
193946.19,108,1
78822.20,238,0
-34655.30,187,1
104135.11,237,0
32423.23,64,1
-34796.45,6,1
18033.55,140,0
139256.50,97,0
221845.06,109,0
46495.51,207,0
221544.77,68,0
78781.12,195,0
34738.15,75,1
105205.16,213,0
233385.83,72,0
110515.08,34,0
92435.50,96,0
-19569.52,18,1
178457.63,98,0
60680.55,202,0
126492.34,29,0
-47696.75,147,1
36920.62,22,1
208774.81,150,0
40205.45,208,0
17722.08,88,0
-19214.10,221,1
83529.55,99,0
226077.34,3,0
33198.51,60,0
190721.30,223,0
114148.26,147,0
193241.34,202,0
113482.73,140,0
-3185.08,158,0
131014.27,208,0
167173.66,31,1
218451.86,225,0
224981.71,198,0
-35088.66,151,1
29325.04,94,1
45949.77,226,0
-46533.64,135,0
48365.54,24,1
175945.88,114,0
118515.47,191,0
179290.14,177,0
14508.51,38,1
25796.82,165,0
119740.18,198,0
30397.21,100,1
-7679.22,124,0
104111.08,229,0
210036.62,108,0
187912.57,185,0
123463.39,50,0
210514.94,137,0
135955.75,237,0
42770.22,208,0
172594.05,142,0
-16030.98,10,1
88648.62,143,1
103397.52,61,0
80235.59,146,0
138799.89,182,0
46428.95,203,0
-13757.08,179,1
-39162.19,67,0
77339.48,81,0
-20876.07,44,1
-2497.68,205,0
163317.10,82,0
141013.55,38,0
172362.99,150,0
158453.81,49,1
68551.80,12,1
23222.38,96,0
165059.30,186,0
10307.59,79,1
248031.82,216,0
105028.41,15,0
235463.53,96,0
132217.81,211,0
131507.36,234,0
176803.60,9,1
68552.75,175,1
13327.78,170,0
80546.37,185,0
-8748.21,162,1
-31670.25,195,1
-15996.27,68,1
88313.87,146,0
143748.52,160,0
23978.52,112,0
39966.09,75,1
49090.38,224,0
105766.86,200,0
24047.86,59,1
7432.83,31,0
155219.21,35,0
229562.52,198,0
187707.66,163,0
180751.27,14,0
146756.10,239,0
-28491.35,115,1
47736.85,179,1
131677.00,74,0
116057.97,74,0
19033.15,53,1
156637.22,97,0
175074.60,117,0
199538.55,205,0
112425.57,127,1
127138.74,230,0
166364.54,231,0
122692.10,129,0
68344.63,72,0
52565.36,214,0
85268.41,208,0
10425.64,240,0
89617.13,226,0
96761.11,176,0
119289.87,132,0
228485.16,168,0
74685.13,200,0
-39005.87,163,1
28071.36,9,1
215711.32,158,0
127026.57,229,0
173358.90,234,0
-11220.84,43,0
-40914.36,152,0
2126.76,124,0
147254.14,138,0
231417.55,223,0
144915.04,6,1
173814.83,132,0
156207.63,184,0
183025.32,5,0
199995.25,164,0
184913.19,168,0
84193.18,64,0
64696.01,129,0
25318.04,169,1
78557.05,52,0
126838.76,9,0
104383.45,170,0
85883.22,98,0
-15775.75,47,1
172333.56,19,0
161724.51,193,0
123322.54,8,0
189652.25,73,0
209378.54,124,0
66590.40,136,0
-41073.63,160,0
221787.95,183,0
215895.72,208,0
240376.00,240,0
166932.41,28,0
188826.93,96,0
38051.19,154,0
97912.25,228,0
5135.87,197,0
213826.23,119,0
-27173.42,175,0
150160.95,43,0
-46886.97,148,1
154569.61,11,0
210335.79,234,0
239641.14,168,0
208697.48,236,0
142565.98,15,0
218574.40,156,0
123896.38,116,0
249226.44,46,0
197792.51,218,0
153895.33,136,0
63061.53,97,1
62310.69,108,1
179663.68,38,0
234693.41,144,0
89526.78,118,0
214074.97,31,0
177658.88,234,0
-4819.98,105,1
-1066.56,173,0
-35447.84,140,1
169989.95,170,0
203165.79,111,0
229017.95,59,0
61237.16,72,1
8442.72,24,1
64069.14,140,1
201613.75,133,0
228204.87,228,0
-17753.55,54,0
106507.27,36,0
90611.79,120,0
198542.80,111,0
57804.12,185,0
102322.26,120,0
15840.04,110,0
155767.46,171,0
117691.60,72,0
113146.63,105,0
124170.09,43,1
93035.61,161,0
159236.65,104,0
111622.06,39,0
10332.37,84,1
-18906.88,205,0
22323.64,29,1
9495.56,181,1
232188.72,150,0
24070.31,39,0
154390.06,130,0
28140.85,159,0
-42414.64,83,1
-32330.76,76,1
30039.74,10,1
90316.04,127,0
162116.11,53,1
240515.67,27,0
47713.21,60,0
57438.38,49,0
148876.43,95,0
74593.86,182,0
11206.13,200,0
142501.85,14,1
116579.93,219,0
10736.09,81,0
101714.63,184,0
82089.25,159,0
94891.04,180,0
246367.62,76,0
71829.54,229,0
-28753.69,6,0
11628.61,201,0
-42878.15,70,1
17584.84,6,0
156143.41,180,0
92427.38,167,0
155143.44,103,0
73331.68,84,0
101839.69,84,0
225347.64,111,0
146863.89,1,1
-2677.31,153,0
34046.62,65,1
191660.67,194,0
124301.53,218,0
79866.25,99,0
216229.15,77,0
204806.44,165,0
-24833.33,167,0
213065.18,60,0
221213.02,75,0
22261.76,112,0
16265.32,25,1
3204.75,146,0
115161.76,12,0
148088.05,92,1
57970.57,215,0
16096.89,142,0
157294.65,52,0
135030.30,6,0
-32128.20,99,0
28778.74,96,0
225822.46,73,0
-22582.88,122,1
79620.19,60,0
190869.63,70,0
86432.40,188,0
100736.83,43,0
95854.07,46,1
-11545.24,130,1
202298.98,169,0
51441.56,124,0
12573.64,54,0
141222.02,69,0
36757.80,21,0
131095.21,192,0
164165.46,115,0
89197.00,136,0
-8992.82,14,0
27011.79,14,1
-17306.00,16,1
208389.35,190,0
101282.67,136,1
107632.58,92,0
-20985.44,52,1
73966.48,68,0
-12887.13,194,0
210370.74,186,0
85995.40,232,0
28768.39,24,1
214817.04,100,0
35555.51,233,0
100841.77,9,1
90756.68,206,0
77331.52,73,0
-4491.35,133,0
96748.86,97,1
122577.90,63,0
51539.02,121,0
102186.59,69,0
-37025.22,10,1
182379.73,100,0
-19021.44,64,1
-13997.50,151,0
58689.48,228,0
-19540.97,49,1
175412.80,82,0
153867.39,35,0
104168.02,137,0
168380.02,181,0
67639.45,232,0
141252.42,74,0
97697.29,19,1
-34634.17,198,0
186307.41,161,0
115744.51,1,1
153004.04,109,0
45556.37,105,0
213352.37,117,0
7819.24,122,0
81026.29,212,0
97009.69,192,0
-1413.87,78,0
199125.66,222,0
233139.56,128,0
248733.03,214,0
-18835.04,24,1
114450.73,24,1
153139.94,203,0
-2740.67,174,0
-13434.66,229,0
246222.28,152,0
82184.62,205,0
204856.60,138,1
43434.08,108,0
172601.47,176,0
43153.26,127,0
190571.15,213,0
95933.56,139,0
202643.44,163,0
17332.56,203,0
1784.08,221,0
-3790.48,30,1
64655.06,109,0
-49633.57,194,0
40989.68,79,0
139147.55,17,0
194519.86,79,0
88059.70,55,1
208348.98,5,0
85687.45,174,0
233730.96,148,0
-11941.79,54,1
231078.47,192,0
133766.91,192,0
89702.23,27,1
153004.26,27,0
160467.84,98,0
97914.44,186,0
159718.96,92,0
-14085.32,127,0
17068.24,42,1
130008.92,92,0
170919.34,26,0
197533.06,80,0
105069.96,54,0
101362.91,9,1
126413.65,217,0
227441.55,108,0
30176.48,236,0
-6147.73,152,1
174942.36,211,0
221734.40,91,0
41929.14,184,1
85999.84,141,0
46317.24,141,0
84011.21,39,0
215545.76,87,0
157883.77,175,0
96080.37,57,0
117284.28,72,0
229971.79,225,0
29029.77,192,0
177472.95,106,1
5477.61,65,1
-16464.67,82,1
-48530.59,86,1
114226.57,186,0
16566.71,114,1
212162.32,219,0
6626.17,35,1
168041.26,165,0
49522.07,162,1
152783.94,1,1
146330.17,55,0
72616.74,80,0
50905.35,150,0
235415.78,235,0
-35809.83,88,0
112508.86,195,0
129371.55,114,0
168015.95,97,0
229574.92,6,0
-15622.98,46,1
59042.15,138,0
150050.49,226,0
11783.27,48,1
178779.50,45,0
179824.03,134,0
-24122.38,115,1
-24638.79,46,1
-39110.62,155,1
-578.14,237,0
-28994.43,88,0
207261.15,13,0
247706.96,67,0
130905.80,54,0
198486.22,175,0
-16212.62,230,0
98645.13,1,0
200848.43,46,0
-6930.48,106,0
-4830.84,196,1
195919.21,185,0
10015.03,218,0
172630.75,143,0
-26020.68,131,1
101827.38,19,0
154647.11,234,0
-30597.94,67,1
-11011.15,26,1
-4383.77,52,0
119171.53,19,0
212344.61,240,0
112109.10,100,1
175205.89,96,1
199668.23,12,0
-13535.29,123,1
20321.04,57,0
-49427.91,101,1
218996.84,68,0
141563.18,68,0
-47510.97,1,1
154812.95,138,0
109433.38,119,0
32213.17,97,0
55983.55,122,0
74747.29,139,0
117240.95,86,0
-23326.87,105,1
161753.53,121,0
16170.73,123,0
115843.89,76,0
53583.15,150,0
184492.37,60,0
40154.93,54,0
119112.53,49,0
138908.48,89,0
41333.14,197,0
198518.23,43,0
90340.55,87,0
43.90,52,1
79722.84,71,0
166493.49,183,0
140350.90,155,0
120001.29,134,0
218648.36,136,0
159102.57,92,0
-28941.02,120,1
62975.65,232,0
225890.79,93,0
206341.31,212,0
185658.30,207,0
124621.69,228,0
234296.26,199,0
233759.96,52,0
149461.66,53,0
-24167.79,217,0
144071.56,112,0
104220.63,150,0
247502.00,35,0
226752.65,183,0
114055.08,37,1
66540.18,214,0
117994.30,155,0
61340.61,184,0
29745.24,112,0
212269.96,20,0
247453.07,16,0
30818.91,224,0
67369.53,219,0
83790.34,235,0
-40689.81,179,0
167481.67,196,0
122527.15,32,0
165667.59,235,0
60887.25,207,0
124082.62,227,0
175229.14,31,0
87223.24,107,1
147467.66,81,1
63537.14,186,0
225077.87,174,0
123437.00,190,0
19337.16,128,0
129576.01,195,0
-41132.79,40,1
204004.14,179,0
116555.57,112,0
203451.85,18,0
46935.49,107,0
-48946.77,94,0
153050.04,177,0
14074.05,161,1
82415.92,161,0
243862.55,66,0
100001.00,125,0
73699.46,152,0
73695.84,165,1
249210.12,193,0
237054.11,171,0
249148.72,109,0
197120.11,234,0
216736.98,124,0
10187.42,2,1
-9585.46,9,1
86382.68,149,0
159163.66,161,0
154123.21,30,0
-10176.96,161,1
2757.37,134,0
36298.83,5,1
-7012.28,76,1
206996.20,6,0
235429.68,163,0
44668.30,131,0
-37636.31,147,0
-9051.59,24,1
249873.90,114,0
-8494.98,10,1
179099.81,125,0
228088.21,131,0
150879.71,37,1
-47289.73,203,1
45769.73,68,0
-24716.59,108,0
49436.59,154,0
33348.38,16,0
186538.30,193,0
134399.64,35,0
172901.61,156,0
24964.91,212,0
171909.47,67,0
203745.55,82,0
188692.38,103,0
-6839.32,34,1
-16441.13,152,1
72543.16,139,0
236195.01,89,0
191073.60,213,0
-41490.50,117,1
-42226.84,1,1
4935.09,67,1
236059.68,106,0
88103.98,159,0
186442.06,130,0
-41540.84,14,1
-28602.83,169,0
243138.98,14,0
53077.10,99,0
36582.71,152,0
93765.42,13,0
222970.39,199,0
216462.37,230,0
23109.29,85,1
243935.75,133,0
81825.80,112,0
96748.09,51,1
17486.85,184,0
38946.00,66,0
222925.94,197,0
51335.45,227,0
193101.14,9,0
168574.32,35,1
106876.60,2,0
231560.55,102,0
191632.57,144,0
-27423.51,230,0
211848.37,13,0
17677.59,148,0
44240.08,184,1
219193.48,138,0
4487.06,188,0
214590.91,69,0
200176.64,153,0
100407.61,179,0
77552.14,1,1
3454.01,74,1
122114.42,109,0
15395.55,211,1
211648.34,69,1
72061.76,229,0
232559.25,179,0
162183.05,83,0
151740.27,127,0
162688.94,108,0
-37564.45,218,0
127984.79,178,0
86843.04,190,0
64375.70,133,1
190926.44,136,0
120485.95,92,0
184650.47,47,0
212772.20,15,0
-38605.69,94,1
169221.42,96,0
-16068.39,54,1
-7515.13,68,0
117924.22,109,0
57021.50,77,1
75511.19,60,0
76312.83,9,0
200428.44,235,0
217150.25,77,0
143783.22,220,0
126555.99,31,0
133796.45,36,0
227185.76,222,0
-37978.15,218,0
74263.26,34,0
161969.49,81,0
45131.05,154,0
122219.99,213,0
154070.03,138,0
26098.62,199,0
114107.68,132,0
166056.83,199,0
-20272.91,20,1
25392.63,43,1
118751.48,176,0
127441.22,116,0
185926.99,109,0
-39252.67,228,0
-35671.51,213,0
97642.12,216,0
199204.68,24,0
149800.89,218,0
55196.86,70,1
185042.89,7,1
35830.38,12,0
44558.42,68,1
246048.65,132,0
185892.25,203,0
71695.14,45,0
90376.47,85,0
52684.99,76,1
13733.86,74,1
-18684.71,168,1
226420.65,39,0
-47205.88,125,1
99899.82,42,1
140880.13,99,0
145561.87,205,0
77683.67,199,0
-34705.69,24,1
203683.47,166,0
244105.54,201,0
19813.14,90,1
-30981.96,147,1
205449.71,61,0
94176.72,234,0
63956.40,113,0
112818.48,18,0
75935.97,175,0
149694.27,155,0
30564.89,125,0
132231.07,170,0
245825.40,106,0
85956.20,171,0
163399.14,210,0
205314.80,8,1
-6740.92,13,1
121244.86,231,0
101243.03,134,0
169522.38,62,0
13175.97,196,0
39104.94,215,0
224258.36,222,0
61254.61,115,1
111791.53,64,0
224607.30,205,0
90650.68,146,0
68919.40,6,0
18322.00,94,0
-13242.36,183,1
-26357.54,120,0
32929.83,116,1
57614.40,121,0
154903.11,171,0
164983.00,5,0
96727.02,225,0
46240.53,111,0
173929.27,224,0
193404.73,157,0
89924.87,125,0
80192.31,8,0
-38676.90,21,1
-12961.57,13,1
74815.75,121,0
7716.38,5,1
177628.52,41,1
159778.58,190,0
156179.20,28,0
60352.05,116,0
-1866.62,240,0
-1767.78,13,1
205208.26,108,0
244227.53,159,0
-16796.58,230,0
105275.89,195,0
-20086.35,213,0
129972.84,98,1
96605.86,179,0
130924.58,13,0
-38294.42,221,0
-46335.78,185,1
56000.17,146,0
33044.24,192,0
158201.11,90,0
184912.80,141,0
193348.30,138,0
7397.10,199,0
73744.20,19,0
181633.53,197,0
224830.38,199,0
18478.33,92,0
145246.24,132,0
244240.64,32,0
60813.20,53,1
111786.13,224,0
74416.08,34,0
130822.24,26,0
113789.16,124,0
188006.56,46,0
180402.51,129,0
4090.63,26,0
120574.64,146,0
219650.65,159,0
84036.34,130,0
173702.86,199,0
122290.17,85,1
205299.26,210,0
200911.68,4,0
-47114.34,15,1
62865.03,171,0
227434.32,211,0
19520.71,109,1
193841.62,135,0
-36960.85,112,1
-39268.77,18,0
101.20,3,1
50133.62,24,0
25667.73,72,1
130213.68,25,0
237628.27,195,0
222717.36,115,0
-24382.05,27,1
207023.19,132,0
140614.73,11,0
146973.22,69,0
5175.99,188,0
61765.06,45,1
4353.61,49,1
203718.03,110,0
74377.17,72,0
97925.57,17,1
-17463.95,31,1
201756.37,123,0
13196.86,222,0
179248.40,227,0
160935.08,238,0
64156.31,4,1
233231.45,91,0
28230.09,31,1
-46186.72,133,0
120404.28,235,0
235548.14,10,0
4928.60,69,1
238209.55,37,0
197027.92,208,0
21355.22,81,1
24353.20,44,1
175236.94,106,1
173241.06,60,0
184821.61,28,0
-48627.18,136,1
91560.68,219,1
46179.89,149,0
101143.40,218,0
155052.49,42,1
224746.40,14,0
71555.57,117,0
144489.08,178,0
230988.20,21,0
210996.15,128,0
186866.69,2,0
34250.83,83,1
208306.55,183,0
131706.32,139,0
228339.60,52,0
65130.61,160,0
60283.23,212,0
93577.80,117,0
-47328.65,185,0
3394.84,238,0
92624.52,222,0
115759.20,117,0
75537.84,95,0
34989.48,219,0
50891.55,8,1
174150.95,43,1
219548.01,168,0
155853.13,117,0
217058.95,211,0
-41110.36,47,1
3183.71,98,0
140876.39,231,0
-16790.80,152,0
245338.32,168,0
221913.15,99,0
210839.68,233,0
-21348.87,6,1
-35984.14,106,1
81553.79,122,1
34317.50,144,0
153656.72,236,0
227865.26,181,0
79670.15,145,0
117791.62,134,0
225586.56,122,0
45185.07,201,0
129575.89,225,0
4526.29,192,0
-23415.66,193,0
13463.32,224,0
4791.43,61,1
232975.43,87,0
184645.50,92,0
54666.78,110,0
198638.76,25,0
232082.50,117,1
235754.63,206,0
209644.95,237,0
2336.82,52,1
31734.88,233,1
125133.50,113,0
219514.44,56,0
103507.91,176,0
61919.65,75,0
94680.03,139,0
27442.48,208,0
72226.27,196,0
22312.75,229,0
217136.00,200,0
165612.10,149,0
93749.12,148,0
201276.49,34,0
208633.60,63,0
171165.32,37,0
-30631.14,12,1
74428.39,187,0
83603.33,88,0
44819.60,195,0
72913.64,85,1
44580.62,22,1
173521.47,75,0
29503.18,163,1
176543.48,213,0
121331.57,191,0
89617.19,216,0
184301.62,129,0
49948.33,233,0
116143.23,192,0
7680.67,30,1
-45384.39,55,1
27055.98,101,0
82585.19,16,0
68732.67,27,0
91871.28,116,0
-24046.88,143,0
41558.99,8,1
156620.05,196,0
166181.00,189,0
-3230.36,175,0
-16005.81,78,1
247760.93,116,0
158478.93,70,0
-17332.84,131,1
-23057.26,196,0
232313.83,220,0
-9936.68,168,0
77360.96,49,0
174414.47,42,0
139295.70,169,0
18058.73,173,1
181294.82,233,0
92229.25,200,0
222050.65,148,0
30638.03,21,0
97100.23,96,0
-6584.96,144,0
29729.30,29,1
202628.94,236,0
64826.71,123,0
-20299.53,133,0
245003.01,69,0
-9598.52,227,0
-18203.05,58,1
202219.54,182,0
189940.90,111,0
122066.11,208,0
135594.84,69,0
190760.96,223,0
4336.57,239,0
193253.56,28,0
-17393.38,36,1
248529.84,20,0
231952.92,85,0
209731.59,52,0
-34380.67,184,0
155995.90,118,0
148818.00,155,0
47003.19,201,0
34573.57,96,1
126884.61,24,0
12049.94,53,1
118349.84,227,0
75769.40,229,0
112435.99,93,0
8727.88,181,1
181280.44,70,0
-4450.48,234,1
166813.07,46,1
200362.16,136,0
215341.92,71,0
138333.82,46,0
-19456.25,167,1
187794.94,67,0
35079.24,28,1
234931.71,84,0
13201.58,116,0
211743.69,146,0
74815.58,86,0
-16188.37,170,0
230795.04,125,0
117290.91,26,0
-21654.51,172,1
115062.52,121,0
35152.88,188,0
212651.37,63,0
88729.99,26,1
53609.98,87,0
66865.07,203,0
155787.35,53,0
107857.46,132,0
176558.64,224,0
73389.37,39,0
45864.68,204,0
59461.10,28,1
-37079.10,77,1
59616.01,93,1
42993.15,12,1
-1446.60,44,1
204039.74,90,0
7262.32,181,0
1881.83,8,0
33095.86,185,0
152526.93,122,0
8128.07,152,0
222163.11,227,0
97378.21,164,0
-15524.26,52,1
138667.03,8,0
222080.82,150,0
-13868.09,134,0
111232.57,69,0
45275.07,68,0
85580.19,124,0
35605.28,202,0
-10475.36,17,1
-40232.96,139,1
34602.34,7,0
236458.34,198,0
-21971.33,171,0
35472.68,231,0
22883.03,135,1
207755.93,51,1
128526.14,109,0
185614.50,79,0
78811.75,110,1
214128.19,159,0
108504.47,22,0
224431.74,143,0
147830.94,96,0
195733.77,165,0
208540.60,60,0
200104.23,220,0
197312.98,25,0
35402.83,41,1
159015.99,73,0
152118.37,91,0
41798.34,17,1
135438.62,2,0
76115.19,61,0
140638.39,41,0
84290.90,34,0
161413.74,203,0
142394.52,128,0
147396.63,44,0
26944.94,39,0
224191.62,133,0
-19694.91,146,1
5211.00,82,1
11682.01,167,0
-35470.19,79,0
146534.85,160,0
-48809.26,32,1
-156.94,140,0
121560.65,149,0
-1897.01,158,0
-25082.45,217,1
86871.17,223,0
95595.81,51,0
18964.39,147,1
-43912.85,28,1
90163.93,234,0
61998.11,94,0
124807.01,231,0
7196.56,202,0
40474.11,161,0
149359.63,124,0
77607.45,69,0
32066.09,11,0
145012.37,167,0
14412.10,90,0
-33117.86,19,1
59478.19,50,0
123288.96,42,1
142504.36,222,0
-18477.78,65,1
56304.14,179,0
74535.88,194,0
102671.36,204,0
-42498.58,7,1
49949.49,82,1
83950.80,103,1
48555.98,192,0
94465.70,161,0
83325.21,110,0
215229.92,222,0
130709.88,10,0
-37423.70,210,1
211000.02,33,0
185771.72,56,0
62104.38,140,0
215580.48,2,1
189943.62,219,0
-42460.29,38,1
70190.26,86,0
247015.15,50,0
-48853.08,39,1
41918.71,104,0
106677.03,206,0
-3178.65,135,0
159689.83,227,0
92450.21,48,0
-10009.43,181,0
207032.14,229,0
202122.70,181,0
67145.64,167,0
182114.24,165,0
237367.30,143,0
244346.88,102,0
99502.53,135,0
231980.22,110,0
222385.69,74,0
57422.60,206,0
204142.23,6,0
64078.41,42,0
240043.08,212,0
-35394.16,136,1
167230.14,146,0
15042.88,170,0
83599.30,198,0
197456.21,97,1
31394.18,42,1
-6898.10,51,1
108760.10,74,0
94171.36,238,0
-20497.42,121,1
-17433.86,207,0
189513.86,66,0
218468.24,218,0
16838.27,209,0
248113.72,114,0
19473.04,122,0
152044.05,185,0
-34444.74,139,0
214017.12,237,0
223523.47,240,0
75339.43,70,0
-44246.43,196,0
240528.91,204,0
186557.98,218,0
103635.71,31,1
-29504.35,67,1
115551.49,95,1
55763.79,36,0
71792.96,114,0
151284.31,32,0
-27209.55,159,1
26872.26,56,1
175334.95,167,0
133680.53,52,0
-678.57,14,0
237151.36,60,0
247719.92,194,0
155983.79,67,0
204089.34,156,0
11991.57,29,1
-9850.16,35,0
23326.03,75,0
225375.35,44,0
215538.03,49,0
201438.29,233,0
239068.32,165,0
163947.18,205,0
-41283.30,238,0
50848.32,61,1
103060.32,165,0
-14534.03,141,0
18036.85,167,0
58045.05,70,0
-36866.27,60,1
-33249.18,219,0
242897.78,7,0
188242.07,217,0
194700.37,134,0
249737.57,35,0
115836.27,28,1
73010.77,131,0
195286.11,164,0
-26854.12,130,1
70109.06,178,0
198906.36,89,0
151294.32,137,0
230632.69,225,0
22616.33,218,0
9413.38,121,1
95835.71,29,0
34462.69,47,0
-13174.49,108,1
89829.33,161,0
207242.46,117,0
160635.87,12,0
127823.45,112,0
48116.27,234,0
233255.45,212,0
192655.83,142,0
123336.34,53,0
-37377.42,10,1
188593.90,19,0
101850.32,26,0
169631.38,137,0
-5468.53,50,0
-26884.77,45,1
77560.63,137,0
17533.17,84,0
136847.69,53,0
219766.13,182,0
226732.20,153,0
219954.98,228,0
-6673.65,38,1
150643.31,5,0
35017.39,208,0
125323.17,78,0
-21169.08,179,0
110181.44,74,0
219321.78,19,1
71761.83,121,0
10294.87,202,0
129563.52,85,0
-39111.95,225,0
9151.96,82,1
-41279.73,125,0
-48411.28,205,1
228553.98,187,0
-48776.66,118,0
-13729.22,138,1
120849.13,112,0
28727.25,46,0
168192.05,23,0
145263.02,227,0
161693.46,30,0
-21370.28,183,1
191216.35,40,0
247512.04,115,0
124761.92,130,0
241888.65,93,0
43194.13,106,0
221772.27,24,0
167277.48,235,0
184613.85,227,0
118582.25,143,0
-23358.08,6,1
-26293.43,128,1
204454.21,35,0
134699.78,47,0
85331.56,217,0
105326.28,125,0
94360.42,23,1
51525.93,20,1
42592.23,236,0
216543.76,1,0
96204.25,86,0
156176.23,198,0
195545.74,19,0
25099.31,2,0
195758.99,109,0
8371.23,134,0
219170.77,186,0
149587.68,129,1
74817.03,191,0
177358.16,213,0
143448.35,161,0
50682.40,76,1
100583.43,133,0
-47782.12,4,1
15591.17,236,0
204552.20,53,0
71420.31,155,0
222871.75,11,0
244228.48,43,0
111957.71,203,1
-25472.67,103,0
97337.39,13,0
192237.18,239,0
213432.29,93,0
139510.36,114,0
93138.95,108,0
220394.14,28,0
125345.49,15,1
90191.99,162,0
66469.52,215,0
144906.57,42,0
109423.84,117,0
248576.99,29,0
242630.06,35,0
4181.27,86,1
-14752.16,119,1
91488.29,226,0
214066.07,26,1
8196.66,3,1
29593.73,222,0
101076.75,81,0
121056.64,231,0
-32174.91,203,0
163886.40,104,0
226727.79,192,0
147414.37,60,0
62747.76,153,0
-47202.26,163,1
140070.58,214,0
140752.31,173,0
231728.50,9,0
10143.72,144,1
248460.29,138,0
2850.30,173,0
158461.51,239,0
219708.35,137,0
230093.47,37,0
138152.62,54,0
-8775.85,121,0
225862.91,111,0
102112.99,48,1
95960.91,113,0
-39639.76,190,0
154278.90,52,0
56984.82,239,0
43499.21,147,0
186876.27,94,0
187396.72,163,0
87979.63,52,0
162040.89,116,0
62268.77,155,0
-34545.17,162,1
130195.50,122,0
-948.72,8,1
57366.75,136,1
-48664.31,218,0
210796.70,26,0
169646.01,155,0
16500.22,176,0
-34420.75,37,0
19171.77,136,0
-3741.62,198,0
47113.06,142,0
231650.18,143,0
111684.59,64,0
43474.59,39,1
28980.89,79,1
58999.42,77,1
95213.76,235,0
103122.96,36,0
140174.30,141,0
152213.88,117,0
124057.40,38,1
246983.83,148,0
171447.39,74,0
76253.40,53,1
-7126.80,145,0
-8455.65,200,0
116364.83,92,0
203435.70,237,0
193806.05,111,0
57441.37,142,0
222642.29,56,0
245521.93,30,1
122636.39,131,0
25488.33,227,1
70170.06,177,0
109189.51,11,0
67202.52,83,0
-8994.16,225,0
136723.81,57,0
-44886.29,137,0
92632.35,148,0
-37005.18,67,1
72910.96,153,0
55025.54,94,1
161611.87,115,0
243528.66,44,0
237984.01,91,0
28050.71,238,0
194917.18,208,0
31188.55,234,0
207082.29,149,0
215189.77,150,0
222186.15,222,0
181368.56,52,0
232072.08,181,0
41184.33,58,1
46431.25,5,1
169126.23,111,0
117687.23,172,0
-30613.05,105,1
587.85,19,1
230082.85,34,0
-33103.24,97,0
78916.64,102,0
168297.49,201,0
229305.36,17,0
116207.55,46,0
-7479.32,47,1
90596.67,14,0
73019.30,65,0
-17834.01,32,1
41984.83,92,0
199211.31,40,0
-33768.58,192,0
10730.14,102,1
93869.30,61,0
225777.88,176,0
228861.26,220,0
117296.51,78,0
-17739.32,132,1
11437.02,121,0
14495.88,72,0
-29203.43,156,1
208272.66,194,0
118827.29,177,0
65825.88,192,0
49693.98,6,1
87401.16,58,0
234175.24,229,0
23484.11,28,1
30455.76,144,1
82940.03,108,1
91672.24,8,0
249028.39,14,0
142943.99,116,0
118008.70,109,0
247020.56,124,0
-7103.33,94,1
111466.80,56,0
47457.70,142,0
174938.94,156,0
-21066.49,231,0
206069.41,134,0
155927.72,216,0
7458.70,66,1
136010.82,164,0
-35624.43,82,1
211286.99,36,0
-29319.45,184,0
-47283.27,103,1
222509.31,225,0
-48424.18,182,0
142594.66,135,0
-17406.54,202,0
-32037.25,151,1
62132.24,36,1
-47590.00,154,1
109040.92,162,1
31764.37,179,0
16140.81,26,0
171956.80,170,0
87365.50,83,0
121942.79,145,0
230937.13,186,0
-38395.52,115,1
101656.73,178,0
188416.31,17,0
35062.22,79,1
-27282.81,43,0
81829.40,154,0
-43171.38,55,0
-26703.27,148,0
126078.10,119,0
195638.82,134,0
85242.62,188,0
127223.98,139,0
155955.46,79,0
222355.96,120,1
64359.88,72,0
-25632.11,113,1
-22666.20,168,0
164019.78,225,0
207674.71,131,0
83122.88,85,1
121596.63,57,0
222818.61,146,0
34998.02,71,0
188571.40,110,0
223570.28,45,0
-16606.00,27,1
248764.85,68,0
-37820.17,169,1
227983.55,174,0
203506.29,159,0
116519.89,111,0
82242.01,111,0
-42005.62,184,0
-21403.10,194,1
-25218.52,188,0
60572.02,23,1
219293.42,226,0
42651.38,175,0
208369.18,54,0
206213.65,224,0
190982.16,9,0
245045.96,82,0
85682.56,162,0
110976.07,138,0
-37519.15,7,1
1012.24,204,0
235336.03,90,0
157262.71,158,0
240848.63,118,0
185855.14,177,0
-1598.18,232,0
43180.53,110,1
34573.76,202,0
226657.10,188,0
236272.02,191,0
231397.58,113,0
-37556.16,201,0
-558.30,15,1
172144.10,199,0
-2360.67,164,0
-33182.01,190,0
210351.51,80,0
116255.07,111,0
61906.68,99,0
46684.36,33,0
174081.89,85,0
240671.54,189,0
196136.78,131,0
73991.64,168,0
134959.61,126,0
236797.75,63,0
-7806.01,235,0
62127.93,75,0
188991.71,78,0
117666.87,4,0
140572.18,220,0
139594.18,54,0
-33650.04,146,0
15566.04,16,1
165904.05,29,0
71821.56,120,0
-42342.30,60,0
120699.45,182,0
11547.18,108,0
2215.94,237,0
130432.33,51,0
193954.47,24,0
226944.27,146,0
38854.84,31,1
212902.00,158,0
52035.27,133,0
-23234.90,235,0
212030.90,95,1
195327.88,59,0
70346.92,133,0
248766.86,46,0
198006.57,92,0
78897.18,113,1
148766.26,141,0
210273.93,26,0
235574.43,112,0
138077.92,109,0
163631.75,233,0
243689.57,218,0
118951.60,235,0
161829.19,151,0
183217.86,97,0
34514.46,54,1
228043.95,122,0
146348.55,63,0
10957.87,20,1
-3930.62,69,1
193284.96,118,0
183899.47,178,0
144011.85,137,0
24187.05,53,0
-29968.99,63,1
213160.14,14,0
228861.69,166,0
92350.49,87,0
190975.17,137,0
131491.37,112,0
241917.74,120,0
121804.92,19,1
102800.74,72,1
205776.72,41,0
9059.33,11,1
-42919.25,227,0
239676.99,71,0
68404.58,87,0
43824.04,86,0
119556.35,103,0
97408.30,146,1
187707.67,96,0
190425.71,141,0
184756.49,228,0
32541.59,13,1
180788.19,182,0
35039.82,186,0
20382.23,37,1
25906.85,144,0
167141.18,117,0
-3786.89,125,0
86898.71,148,0
155561.74,218,0
210649.83,24,0
129296.36,34,0
-11851.84,222,0
13046.32,136,0
203525.26,122,0
117078.02,93,0
85675.93,87,0
57448.71,2,1
-8835.80,106,1
141637.28,177,1
29840.62,47,1
192817.77,67,0
184999.12,209,0
242631.25,208,0
172554.89,19,0
37830.09,187,0
82086.26,5,1
187335.15,49,0
24595.89,240,0
62461.11,23,1
154361.24,30,0
232950.14,128,0
75349.69,138,1
133549.28,195,0
-28597.48,121,1
210751.26,51,0
40867.31,74,1
195788.88,28,0
-11267.13,32,1
148847.85,145,0
139537.86,40,0
-28122.34,147,1
59849.28,121,1
19858.64,28,1
193826.88,123,0
14485.18,210,0
208735.24,130,0
125974.35,153,0
114847.61,217,0
144377.73,179,0
-8026.93,112,1
58141.59,230,0
138518.12,75,0
26786.21,163,0
116320.90,89,0
146376.64,224,0
201051.17,55,0
166222.54,75,0
155018.97,61,0
122137.12,108,0
110919.77,202,0
222552.67,217,0
-22458.80,65,1
203052.78,16,0
105113.30,3,1
108419.07,55,1
-11955.26,163,0
173477.42,147,0
18126.99,57,0
112438.25,231,0
-48981.95,1,1
-13847.59,101,1
88954.06,124,0
59296.58,153,0
97345.85,140,0
-31743.81,123,1
-16339.42,142,1
163300.25,70,0
166681.49,178,0
9867.71,204,1
219533.63,238,0
-15393.79,57,0
55023.05,97,0
-27296.86,6,0
31989.43,206,0
-41607.43,73,1
197972.49,83,0
91312.03,50,0
230275.21,221,0
170914.09,114,1
20344.30,240,0
79988.14,159,0
146205.02,205,0
239799.74,20,0
-27931.66,59,1
85868.34,63,1
182947.50,144,0
127075.28,196,0
137230.71,159,0
242876.79,18,0
-20602.62,104,1
-32404.45,177,1
190457.68,82,0
74756.00,152,0
35399.20,120,0
103349.83,20,0
3540.83,38,1
17982.66,95,0
237071.68,153,0
153361.05,204,0
47140.32,162,0
92133.42,45,1
-44953.53,201,0
113561.45,116,0
154972.76,65,0
56667.11,69,0
19555.04,189,0
182562.45,185,0
228647.53,155,0
196162.03,11,0
227258.70,67,0
86293.28,31,0
186488.68,227,0
109636.96,83,1
19620.60,232,0
226689.62,230,0
100078.09,187,0
30911.10,17,1
18087.17,110,0
230165.61,40,0
113403.77,164,0
87730.15,180,0
248349.81,230,0
166047.54,67,0
49363.88,14,1
-32404.71,198,0
91660.83,197,0
-41063.35,100,1
-24850.12,103,0
205642.42,32,1
247189.21,66,0
-47123.85,238,0
2404.84,180,0
44675.46,95,0
4394.60,228,0
90864.92,85,0
7663.84,217,0
111012.24,194,0
99343.92,239,0
91873.28,224,0
-44423.65,152,1
8065.51,144,0
152731.99,103,0
-16243.41,91,1
16058.88,143,1
13315.73,177,0
44080.78,104,0
130820.79,76,0
203147.06,225,0
48449.69,145,0
14464.78,175,0
122194.43,13,0
136901.86,35,0
88556.90,174,1
119653.97,146,0
123680.43,12,0
160573.94,144,0
73757.47,219,0
111655.58,104,0
46711.30,121,0
194456.87,71,0
111424.27,33,0
98644.45,22,1
219642.51,186,0
3877.88,148,0
61194.13,88,0
227551.68,235,0
98265.70,129,0
27866.29,76,0
28702.63,198,0
167920.80,217,0
176702.69,156,0
66818.22,56,1
30947.59,59,1
88464.30,21,0
-35561.50,232,0
85717.26,178,0
141781.59,118,0
36065.39,169,0
40011.88,187,0
81521.87,204,0
-17910.51,44,0
-31404.58,123,0
-41147.57,109,1
37108.33,15,1
9919.20,3,1
129363.88,227,0
44484.35,59,1
78327.25,197,0
117896.39,213,0
47517.32,134,0
95369.72,230,0
86115.92,4,1
106999.71,237,0
143882.04,197,0
154458.14,64,0
13291.76,95,0
160344.26,68,0
125478.11,30,0
46472.78,75,0
248734.84,110,0
240287.35,144,0
68026.74,169,0
204602.19,217,0
151460.79,135,0
64758.69,17,1
31928.35,237,0
92148.89,109,0
170492.67,179,0
99161.46,34,0
-28166.22,39,1
126250.42,87,0
26160.36,48,1
72605.55,38,0
84525.37,160,0
221760.94,104,0
185618.28,222,0
72140.94,81,0
166446.47,231,0
164535.64,47,0
96737.56,139,0
85047.94,219,0
61895.15,36,1
78982.24,133,0
155612.07,179,0
27613.06,200,0
225557.40,83,0
57801.09,21,1
171329.89,181,0
165218.10,143,0
110658.23,135,0
6668.03,180,0
-43290.48,132,1
237208.95,81,0
171457.87,187,0
161362.57,117,1
111917.74,240,0
73684.18,238,0
147046.00,120,0
63938.18,61,1
67479.13,213,0
39199.78,218,0
133856.20,17,1
163976.84,40,0
234717.79,63,0
131003.80,134,0
-11925.63,17,1
230016.41,173,0
-9212.16,153,0
14638.43,115,0
49199.08,167,0
-8238.06,156,0
-30898.18,207,0
171655.06,184,0
229177.93,27,0
203395.91,148,0
64968.99,109,0
244902.87,4,0
150949.16,164,0
242709.34,221,0
176490.87,143,0
60636.35,149,0
13250.53,75,1
55264.17,169,0
79574.23,18,0
212633.13,217,0
160663.41,134,0
128196.12,76,0
158064.59,173,0
55132.08,4,1
131461.89,227,0
144955.54,183,0
-27393.44,186,0
230209.67,109,0
72853.90,150,0
249455.02,84,0
3776.97,56,1
249109.28,10,1
-6621.74,70,1
-10337.24,179,0
-43433.82,124,1
232947.21,218,0
108280.93,148,1
21568.43,193,0
-36925.49,240,0
52348.10,181,0
78485.97,212,0
-38525.76,112,1
134893.98,76,0
223867.45,53,1
-26464.31,194,1
63984.95,95,0
239372.59,168,0
19279.94,187,1
30393.76,185,0
42666.96,173,0
42203.51,177,0
237816.52,173,0
-24225.57,72,1
184009.38,64,0
-42262.92,148,0
-3937.92,216,0
239231.16,216,0
230474.31,35,0
13712.26,35,1
63154.46,67,1
238162.01,7,0
53993.08,34,1
221381.21,20,0
185219.56,148,0
50352.68,140,0
-29792.49,193,1
70184.55,211,0
-23905.94,27,1
201473.29,18,1
225390.73,62,0
69510.37,158,0
163479.08,51,0
88394.26,105,0
163031.22,15,1
138584.30,169,0
14448.88,70,0
-3938.30,212,0
45500.85,235,0
205881.38,3,0
39886.86,16,1
121488.71,22,1
162020.14,142,0
148133.89,38,1
13541.61,53,1
-46409.59,65,1
13882.97,219,0
115312.79,194,0
-15811.32,131,1
175807.10,31,1
167416.34,125,0
103921.38,86,0
182032.88,202,0
76795.26,105,1
23247.58,51,1
73158.83,165,0
83807.20,229,0
28779.84,14,0
26619.06,122,0
26398.60,57,0
15730.75,106,1
59942.44,211,0
218083.51,82,0
4615.46,207,0
190980.60,106,0
237333.96,208,0
102445.65,40,0
247231.05,207,0
224951.02,160,0
-39487.39,120,1
122936.62,227,1
-14821.55,25,0
224800.09,188,0
-7800.43,10,0
129389.73,180,0
-27303.16,206,1
109744.64,14,1
48912.76,115,0
-6538.73,168,0
833.07,125,0
59676.79,134,1
16986.84,126,0
140623.63,33,1
182724.85,141,0
184504.65,234,0
134145.74,145,0
108882.08,22,0
212756.21,198,0
-11685.98,34,0
62451.43,52,1
221426.20,102,0
38769.61,58,0
-10391.08,8,1
239192.06,184,0
9292.51,204,0
-6971.33,26,1
-48186.03,215,1
115291.03,36,0
14756.39,152,0
10788.65,61,1
154769.28,209,0
-3847.01,186,0
168623.06,234,0
141993.66,98,0
228286.33,155,0
159470.34,93,0
114257.72,12,1
150253.07,131,0
90879.04,127,0
248067.43,208,0
-23257.05,142,1
100638.60,39,0
44760.18,115,0
58348.79,19,1
81357.57,108,1
-1311.37,217,0
27441.28,234,0
164901.22,51,0
124682.33,47,0
119203.55,195,0
244543.97,154,0
132142.91,130,0
76529.26,41,1
-36255.57,16,1
225610.02,71,0
-34593.56,24,1
226602.05,120,0
-11243.24,142,1
191817.30,85,0
116062.83,211,0
143899.97,207,0
187582.77,140,1
147372.34,169,0
34326.27,237,0
-16076.43,160,0
72229.47,111,0
47365.62,32,1
66019.80,137,0
551.04,114,1
161529.84,9,0
-35939.56,60,1
87222.17,11,1
160739.34,37,0
-41886.70,215,0
-37255.01,76,0
223731.59,22,0
-12538.34,169,1
23866.54,24,1
35462.86,45,1
61786.25,226,0
-37397.26,155,0
26053.80,190,0
-7273.94,114,0
126022.10,159,0
27189.25,100,1
34050.90,82,0
-5186.32,4,1
179804.18,82,0
172682.76,84,0
132462.84,95,0
-36306.63,9,1
4455.25,86,1
151793.03,140,0
65512.00,41,1
131793.85,139,0
-10508.44,234,0
22766.13,63,0
-29613.99,15,1
169773.03,70,1
111477.30,25,0
171817.20,76,0
209791.07,238,0
232252.17,79,0
-17408.94,206,0
-8950.19,127,1
106202.29,65,1
24265.41,13,1
190009.54,71,0
101260.00,118,0
-36054.10,146,0
17658.14,231,0
211808.30,225,0
-42664.35,84,0
242973.35,87,0
78741.35,96,0
161732.84,142,0
-497.51,136,1
30569.76,139,0
28884.61,178,1
42213.78,20,1
25245.88,52,0
25975.36,185,0
131477.72,31,0
170158.41,76,0
78856.11,72,0
61856.70,184,0
22536.65,28,0
135355.10,10,0
176579.49,53,0
180416.47,217,0
156609.34,18,0
154072.46,139,0
55118.99,25,0
-15973.52,10,1
200863.12,177,0
85555.06,114,1
216907.48,201,0
644.46,205,0
-1584.64,227,1
184768.42,46,1
109896.64,44,0
180145.47,159,0
-32616.96,35,1
231069.15,43,1
90941.93,159,0
152492.51,94,0
199196.51,65,0
-14963.74,109,0
56144.08,229,0
202386.09,16,0
139871.99,56,0
223987.31,163,0
-2941.66,196,1
146595.71,19,0
54353.37,144,0
78115.40,191,0
151443.01,138,0
104840.50,63,1
76971.63,25,0
-16537.76,101,1
-47488.02,34,1
12008.11,212,0
75768.41,213,0
230945.48,216,0
42207.99,152,1
127582.71,228,0
54721.59,63,1
174750.25,203,0
28219.47,116,0
-35976.40,30,1
13442.06,186,0
216354.67,186,0
186418.53,21,0
45796.29,97,0
125170.98,43,0
142151.21,212,0
134483.62,197,0
173929.71,229,0
150156.59,54,0
33505.91,56,1
-2818.56,76,1
206185.29,218,0
114906.17,105,0
137598.82,38,0
26800.08,159,0
88919.23,184,0
74925.21,107,1
114634.07,11,0
6732.49,229,1
160964.31,94,0
176929.21,229,0
21885.67,206,0
175654.42,11,0
179115.34,59,0
243358.02,162,0
86393.78,25,0
188553.74,49,0
236869.42,63,0
-14255.60,95,1
105014.10,233,0
96578.11,209,0
153800.07,24,1
12300.26,6,1
187166.67,7,1
71979.85,105,0
-19446.34,78,1
38987.79,13,1
37322.56,99,0
63138.99,136,0
-15104.26,172,0
-40613.06,80,1
233775.46,192,0
109077.85,40,1
241219.77,97,0
240331.37,213,0
210206.78,95,0
38806.89,57,1
17752.22,43,0
169515.18,116,0
-46528.57,130,1
-7726.04,234,1
125160.39,239,0
-11505.71,25,1
170306.14,48,0
245108.25,239,0
60003.34,70,0
52057.63,97,0
20649.61,57,0
69917.58,54,0
125960.84,172,0
181982.99,237,0
118743.45,157,0
90736.21,216,0
1756.22,207,0
67632.67,74,0
69968.82,214,0
80707.27,24,0
37853.65,151,0
99922.44,203,0
210914.45,74,0
46586.06,153,0
-3549.98,52,1
239928.50,4,0
-48069.64,176,0
-11807.68,58,1
219762.46,134,0
246347.80,183,0
174451.39,16,0
84111.18,145,0
203541.17,16,0
159601.54,140,0
119074.42,233,0
62996.57,42,1
103213.89,184,0
139844.01,67,0
167882.96,101,0
61603.10,84,0
219553.84,83,0
39515.15,55,1
-10556.15,63,0
235546.35,94,0
109326.10,67,1
128582.68,192,0
-3148.86,102,1
207170.21,108,0
80389.81,37,0
61832.74,220,0
219069.24,209,0
223219.51,187,0
96797.94,205,0
217149.04,168,0
225973.78,200,0
17103.72,99,1
82593.55,11,1
-14498.43,236,0
15723.69,41,1
-33855.79,165,1
-15969.34,82,1
209259.18,65,0
188785.72,176,0
22050.24,221,0
170341.24,225,0
180257.58,88,0
-18089.48,58,1
109095.45,92,0
-41018.10,84,1
178711.72,6,0
244066.67,168,0
26742.38,231,0
206568.32,207,0
87101.51,156,0
4447.53,144,0
7266.97,164,0
241515.90,59,1
6449.75,105,0
225630.66,79,0
42317.16,209,0
25731.17,41,1
188817.31,150,0
-25227.49,23,0
48124.69,218,0
160453.94,76,0
88959.12,99,1
-37907.61,75,1
31064.73,34,1
55622.95,25,1
54986.73,165,0
121429.55,97,0
152290.19,72,0
69915.30,78,0
177783.18,27,0
-24873.29,87,0
190588.32,50,0
4290.52,178,0
97807.81,141,0
68060.36,138,0
138146.77,121,0
-9970.82,208,0
47621.82,126,0
151267.02,75,0
165390.39,201,0
233917.60,72,0
194197.85,19,0
231654.44,101,0
21124.22,105,0
224567.54,182,0
8201.32,42,1
11749.08,62,0
134944.21,202,0
241308.31,196,0
92143.11,239,0
237082.80,82,0
243815.82,13,0
-16923.74,184,1
165740.40,87,0
142262.89,30,0
59230.38,35,0
179123.89,218,0
152836.43,43,0
195655.47,38,0
134246.40,212,0
1102.73,155,0
185959.15,91,0
167889.56,194,0
70179.86,200,0
127317.15,165,0
39166.49,100,1
221114.93,135,0
85895.87,79,0
231720.63,119,0
4843.56,142,0
-37489.48,117,0
171289.03,67,0
-8683.41,6,1
87986.32,235,0
122695.92,141,0
82784.08,66,0
126172.97,191,0
17875.50,26,1
-28555.13,123,1
212981.74,48,0
181084.33,193,0
198545.69,66,0
69475.32,206,0
170757.19,83,0
79880.51,88,0
219637.84,52,0
182489.14,29,0
184874.90,1,1
248772.29,236,0
228965.80,239,0
165996.49,196,0
-26655.99,139,0
170779.43,182,0
88856.67,88,0
71016.48,167,0
-37243.68,211,0
-32567.58,110,0
135465.43,159,0
129765.80,67,0
223765.24,20,0
246340.02,76,1
230212.23,50,0
181769.57,11,0
71434.00,57,0
183547.46,221,0
231980.01,131,0
-27997.44,53,1
226195.86,15,0
14161.80,207,1
70824.54,69,0
174916.52,78,0
249720.53,60,0
-24124.49,214,0
12931.78,105,0
-14031.28,168,0
162.26,60,1
-6511.67,184,0
-20060.72,45,1
140379.94,221,0
-5574.84,7,1
39062.51,88,1
9886.56,154,0
-22484.64,13,1
-7766.95,35,1
192983.08,132,0
246261.90,146,0
177986.33,33,0
154607.56,132,0
-309.58,219,0
212034.77,76,0
29188.15,173,0
-1610.20,46,1
53983.94,164,0
174074.05,211,0
221678.45,212,0
241558.85,31,0
-19397.31,22,1
48327.73,11,1
87998.28,203,0
116967.72,80,0
174954.69,112,0
132135.86,76,0
103464.79,228,0
49196.83,57,1
-41528.91,70,1
239521.48,55,0
232304.91,95,0
43877.27,133,0
-35472.18,72,1
136129.60,87,0
248521.80,48,0
212499.68,51,0
15933.58,127,1
226981.75,74,0
-19266.18,73,1
248419.89,54,0
117561.39,47,1
158594.67,109,0
183506.65,209,0
129927.59,145,0
26280.58,236,0
169880.66,26,0
11238.35,64,1
204884.08,222,0
209286.10,194,0
-24915.80,217,1
51582.56,166,0
175794.82,133,0
24419.37,97,0
35554.43,237,0
240972.89,75,0
132349.31,56,1
205896.76,184,0
141233.53,102,0
249184.76,60,0
220791.97,127,0
197020.21,148,0
137530.54,77,0
70705.00,226,0
187820.66,1,0
24644.26,170,0
238236.02,82,0
163131.85,218,0
203815.10,94,0
157426.78,192,0
14400.88,181,0
206566.62,37,0
184381.47,81,0
101378.27,5,0
104691.98,139,0
73976.97,144,1
105334.99,125,0
117429.88,219,0
43635.03,87,1
118517.52,70,0
29749.40,216,0
-23121.44,31,1
76062.19,59,0
173164.56,229,0
162124.13,75,0
111779.98,20,1
207438.60,200,1
32542.01,114,1
58553.42,70,0
123363.57,11,1
200625.99,133,0
231992.86,132,0
232298.92,183,0
-20438.65,89,1
-39813.41,5,1
181288.90,179,0
-37085.70,92,1
207292.37,2,0
96220.05,34,0
247665.96,126,0
-27722.86,119,0
24460.21,218,0
39563.41,200,0
123264.04,26,0
184059.34,147,0
105361.42,57,0
197586.95,22,0
5261.99,180,1
32921.85,138,0
-13527.47,230,0
37275.47,78,1
70630.70,154,0
226110.82,201,0
-31672.62,236,0
234854.57,97,0
-21413.16,11,1
54195.75,224,0
46071.63,191,0
-24335.80,112,0
35410.78,161,1
41955.57,95,0
223156.28,232,0
207731.51,77,0
-42942.77,25,1
79716.65,65,0
185098.99,93,0
149941.63,41,0
197269.37,221,0
187202.78,223,0
73521.74,8,0
151035.96,178,0
191260.33,23,0
39258.92,68,1
165003.99,122,1
124146.17,172,0
249096.47,69,0
207684.26,164,0
14674.89,124,0
161443.16,131,0
180279.24,54,0
113722.41,109,0
-2879.87,17,1
226445.35,100,0
135192.51,185,0
217600.62,12,0
37092.37,36,1
242376.85,209,0
81269.97,159,0
218453.85,39,0
177602.91,86,0
177125.95,230,0
221881.56,202,0
93658.16,165,0
82211.52,180,0
69667.39,200,0
-34174.03,26,1
238876.03,25,0
-48189.33,181,0
156233.67,168,0
85578.92,150,0
245925.83,27,0
47763.80,100,0
130731.37,214,0
202461.86,123,0
-16804.53,47,0
229780.37,89,0
68116.19,92,1
81536.56,16,0
77341.72,230,0
179230.22,88,0
103393.22,34,0
81751.97,36,0
114590.63,195,1
166791.72,229,0
231742.84,118,0
116737.36,25,0
103805.68,169,0
208612.58,100,0
79532.75,209,0
133092.10,228,0
-44709.35,148,1
-7205.97,145,0
67821.62,133,1
-9097.98,132,1
-25622.70,191,0
50561.81,126,0
150310.85,76,0
106604.93,192,0
181290.23,32,0
239703.12,183,0
93670.49,150,1
115468.37,148,0
143978.17,200,0
76464.62,42,0
149135.25,117,0
247734.82,112,0
-19349.96,41,1
172242.79,81,0
124275.25,178,0
122000.97,184,0
159401.27,129,0
49211.05,9,0
120000.20,89,0
19121.77,125,0
150822.75,2,1
235512.14,191,0
49884.05,195,0
198308.58,84,1
180342.26,99,0
198757.73,7,0
138369.59,176,0
-12944.51,60,1
107453.37,213,0
24701.72,173,1
169083.25,189,0
-10947.81,86,1
148543.37,156,0
231510.40,131,0
72822.81,187,0
142801.00,28,0
179532.98,45,0
13624.27,56,0
224566.75,131,0
31384.33,88,0
-29803.20,6,1
56391.86,210,0
241854.63,159,0
243270.25,232,0
120031.10,34,0
207199.05,96,0
102600.67,102,0
213873.24,192,0
77920.74,92,1
193743.75,185,0
217900.38,162,0
219357.06,4,0
179815.76,64,0
-41435.54,36,1
-3531.57,111,0
29394.74,60,1
235782.17,160,0
5857.52,136,1
-12727.84,96,1
95328.45,50,0
140086.83,7,0
42690.64,27,1
206319.09,10,0
140495.30,112,1
124435.50,160,0
-40059.28,160,0
169068.07,49,1
-36938.42,59,1
36067.22,216,0
188411.50,179,0
-37686.99,145,0
174061.98,16,1
223238.32,48,0
67032.18,200,0
135553.64,7,0
84290.55,186,1
38127.18,27,1
94934.99,175,0
-2418.12,212,0
249866.27,172,0
133781.88,26,0
130421.05,73,0
-30436.23,181,0
113868.80,124,0
207801.98,117,0
212874.34,123,0
5582.52,152,1
248458.93,204,0
56152.46,30,0
106739.04,114,0
-3946.19,195,0
159090.68,91,0
48730.97,40,0
185006.82,116,0
65942.75,228,0
112740.71,179,0
-49718.49,146,1
17341.44,67,1
199392.62,155,0
243331.26,41,0
46542.71,108,0
118962.14,90,0
88350.49,102,0
38488.63,35,1
84228.15,71,1
179076.58,168,0
12564.05,22,1
15066.04,112,0
11829.03,77,1
170753.02,238,0
71248.69,35,0
231318.40,101,0
-32483.74,124,1
145547.57,228,1
-1265.93,14,1
-9109.67,159,0
52086.36,159,0
231573.70,216,0
163003.44,119,0
222994.79,181,0
-15172.54,230,0
84670.52,10,1
225942.93,127,0
117601.27,206,0
-20660.38,82,1
-24618.95,216,1
557.96,62,1
197420.92,75,0
515.02,190,1
-48676.47,48,1
210483.52,121,0
118330.10,226,0
-41100.00,130,0
182347.49,168,0
4423.61,203,0
201779.92,122,0
-15308.87,85,1
41966.02,219,0
-25366.59,194,0
236546.97,61,0
180324.52,172,0
14792.28,41,1
218082.83,14,0
25277.29,162,1
-40074.80,25,1
78008.61,200,0
-20794.19,35,1
224621.97,140,0
186204.59,31,0
-13887.81,84,1
228767.93,120,0
206359.79,22,0
-43505.28,155,0
173118.04,66,0
108651.59,192,0
143951.69,129,0
91880.91,121,1
218471.80,175,0
182394.96,168,0
120705.25,131,0
3133.81,75,0
182590.45,150,0
28086.08,68,0
-1753.84,167,0
158159.14,212,0
107584.11,84,0
160554.76,228,0
166879.83,81,0
40896.87,174,0
247607.45,220,0
142837.38,132,0
6418.80,130,0
249131.35,85,0
140239.53,1,0
229492.04,124,0
-37198.11,98,0
227995.84,112,0
-37368.58,186,0
-17328.89,91,1
-28076.81,45,0
116375.72,172,0
212535.93,240,0
201725.73,240,0
204157.43,56,0
129858.46,233,0
141359.21,37,0
40293.41,41,0
158328.22,218,0
129083.33,226,0
-24075.55,70,0
21495.80,144,0
156839.84,133,0
-6997.87,31,1
50242.32,105,0
117936.91,15,1
160531.73,226,0
235706.88,43,1
16884.09,169,0
182361.85,170,0
177192.39,194,0
69123.15,14,0
-30596.85,227,1
167025.58,196,0
105850.30,217,0
-3710.57,15,1
31551.42,22,0
188304.68,152,0
69396.47,17,1
165181.94,77,0
117087.68,115,0
-40977.76,164,0
7534.38,163,1
102849.33,223,0
35244.82,127,0
84548.11,174,1
104386.47,22,1
69206.98,36,1
181963.54,101,0
62189.91,5,1
-29861.99,232,0
208783.77,68,0
65846.55,105,0
21874.76,101,1
-49325.35,239,0
-48486.07,214,0
-46626.90,74,1
10810.80,172,0
105534.44,117,1
173659.50,130,0
69001.38,184,0
65924.13,72,0
-47900.88,131,1
216665.14,139,0
172838.53,124,0
190993.87,147,0
158833.33,120,0
48931.33,183,1
16106.53,210,0
93410.15,41,0
-47850.31,66,1
107496.79,30,0
109065.68,15,1
206192.10,21,0
16689.82,66,1
120759.92,226,0
194814.10,6,0
224979.18,154,0
55931.57,10,0
226612.00,15,0
249371.67,206,0
129293.17,132,0
5848.98,77,1
104028.24,47,0
239898.54,192,0
-23981.28,12,1
162721.95,8,0
115236.40,196,0
59714.46,118,0
117327.75,155,1
-48013.82,109,1
190465.02,210,0
30357.75,8,1
246779.51,24,0
79665.09,94,1
-28396.87,175,1
179600.99,66,1
201670.59,34,0
211017.54,132,0
147478.54,7,0
109057.19,201,0
162062.55,126,0
91017.83,153,0
127404.07,55,0
233815.43,2,0
115039.62,95,0
160684.36,56,0
40994.32,131,1
71591.94,206,0
242731.67,172,0
21629.57,82,1
241985.02,74,0
109445.90,144,0
66945.16,12,0
183072.16,136,0
-39146.33,67,1
177693.44,39,0
-45240.90,1,1
-32007.68,218,1
58724.64,190,0
220755.05,50,0
66708.62,87,0
154905.35,98,0
97605.47,107,0
-39253.13,179,0
123280.20,217,0
155976.88,86,0
-28120.91,123,0
117682.67,59,0
-36494.81,10,1
159560.37,166,0
111471.55,58,0
23172.58,163,0
217426.55,53,0
214454.56,67,0
130125.69,160,0
-39118.54,216,0
111166.37,235,0
84014.66,115,0
199263.43,96,0
223371.06,78,0
208822.04,42,0
206590.60,201,0
5807.79,172,0
31023.65,142,0
60561.89,25,0
136810.28,91,0
216636.57,124,0
209690.87,193,0
105706.43,107,0
245876.58,162,0
-45177.87,135,0
183314.83,240,0
183573.31,209,0
172909.48,54,0
59873.96,240,0
-35933.73,10,0
140557.71,127,0
15888.04,160,0
166415.24,75,0
-31673.24,198,0
236788.65,225,0
64957.15,99,0
151334.34,218,0
126582.96,7,0
229734.44,85,0
162743.29,85,0
164772.32,218,0
88049.37,10,0
44752.93,45,0
74782.89,161,0
234874.05,238,0
191421.93,16,0
-42497.58,105,1
64903.27,230,0
-17723.38,61,1
-13924.82,123,0
209439.23,144,0
149945.22,173,0
26818.28,179,1
239949.61,168,0
200332.71,22,0
176517.97,207,0
167209.63,47,0
58525.78,34,1
33454.26,41,0
60765.07,36,0
90703.87,79,1
220070.88,195,0
115514.46,138,0
-24164.28,81,0
39564.11,80,0
110775.52,220,0
167080.20,134,0
236699.95,81,0
107134.19,91,0
87075.61,137,0
171014.75,41,0
164887.58,110,0
37460.62,93,1
76751.79,120,1
220715.22,66,1
120026.76,161,0
108572.82,72,0
-49073.22,9,1
231180.02,79,0
244996.08,212,0
90810.06,52,0
-30462.32,130,0
16438.82,31,0
208716.26,150,0
121892.91,194,0
140171.04,134,0
238509.27,50,0
149847.35,54,0
18780.64,145,1
157368.46,54,0
120957.32,31,1
25783.91,207,0
244100.31,104,0
113077.79,130,0
133141.76,141,0
47226.25,234,0
234282.47,157,0
89199.55,194,0
223022.76,108,0
151955.98,206,0
61140.66,24,0
196058.85,217,0
181257.22,137,0
-40608.96,132,1
47145.41,38,1
-6948.80,210,0
144117.54,172,0
100400.06,102,0
204197.38,12,0
117824.89,131,0
186087.40,122,0
65373.31,216,1
124454.11,60,0
-43558.76,159,1
10868.03,59,1
-26163.10,84,0
163283.86,115,0
22254.64,31,0
136210.96,39,1
19483.23,111,1
36659.49,229,0
68864.11,229,0
-7811.20,181,1
125518.66,67,0
144021.60,172,0
-44010.63,186,0
214371.98,27,0
86488.14,48,0
128796.21,232,0
55053.86,67,0
192471.93,211,0
89512.90,30,0
248356.53,50,0
188852.13,230,0
79133.27,104,1
66111.86,229,0
154484.34,139,0
108193.14,186,0
232938.62,2,0
41292.09,158,0
241799.77,217,0
11338.36,109,1
201574.73,84,0
-38542.53,137,0
196265.14,94,0
210806.65,115,0
-12068.55,24,0
40691.68,69,0
-45625.49,190,0
215649.22,93,0
38816.08,158,0
2496.72,75,0
-44603.26,93,1
-12501.38,85,1
34792.77,120,1
162339.48,62,0
177977.83,237,0
185090.07,184,0
129804.80,152,0
55894.76,130,1
14408.39,55,1
108904.61,194,0
128462.41,25,0
49026.87,1,1
132911.47,143,0
136575.73,106,0
245003.64,179,0
-23096.85,149,1
102615.50,49,1
163875.22,89,0
31686.85,83,1
217571.63,216,0
19921.26,194,0
163687.54,167,0
99676.08,114,0
35981.76,47,1
43753.44,214,0
139099.22,3,1
130469.36,136,0
38853.08,192,0
28059.02,118,0
106437.28,46,0
-40706.97,86,1
206047.11,28,0
79044.54,181,0
84593.01,144,0
117286.34,201,0
-24042.08,113,1
70171.28,234,0
232119.31,20,1
60115.30,141,1
88156.51,60,1
228070.49,162,0
50380.29,7,1
210712.95,202,0
137409.01,101,0
136898.09,193,0
199922.68,82,0
97775.62,81,0
161174.14,87,0
32885.92,155,0
28400.20,234,0
-11322.00,1,1
112299.67,191,0
18686.48,48,1
135722.97,51,0
43877.16,120,1
128297.83,216,0
18731.91,168,0
83569.43,4,0
118649.72,75,0
46481.72,112,1
-8391.01,191,1
129663.70,89,0
-3817.30,99,0
37708.12,49,1
185797.99,129,0
73708.23,130,0
19474.00,167,0
172360.53,18,0
-21213.45,148,0
187876.55,140,1
2780.88,111,0
66947.12,74,0
145351.88,134,0
140187.40,93,0
187700.26,177,0
157041.68,86,0
110265.49,28,0
-804.97,21,1
220905.38,80,0
7609.26,118,1
111057.44,190,0
212946.71,181,0
120735.43,164,0
226643.77,14,0
56317.86,225,0
93452.39,102,1
161235.66,181,0
71325.53,61,0
108673.23,8,1
132436.95,126,0
74359.48,146,0
189303.06,15,0
104499.63,122,0
217436.25,180,0
4101.45,38,0
178741.02,38,0
116101.01,145,0
167841.94,69,0
247482.68,83,0
243284.74,90,0
-44409.81,192,1
154172.61,220,0
-33684.24,61,1
108527.97,92,0
-18970.61,206,1
160006.05,104,0
81119.12,133,0
-44240.91,189,0
189912.18,108,0
1414.91,223,1
101378.64,169,0
-27219.49,69,1
156953.38,189,0
43118.49,221,0
-16469.84,199,1
61564.18,166,0
69351.48,90,0
164666.40,90,1
40323.11,168,0
14781.28,175,0
-17400.04,192,1
59361.68,221,0
75911.15,229,0
55548.39,137,0
-2630.73,49,1
189780.74,224,0
149180.31,47,0
189639.28,12,0
-49197.65,60,1
26577.51,34,1
230821.40,152,0
66532.44,174,1
102567.70,207,0
64449.42,44,0
-531.46,12,1
96842.53,64,0
21178.32,156,0
71579.24,46,0
188584.32,24,0
65285.20,173,0
141971.46,74,1
-25549.22,55,0
146746.25,157,0
162077.41,108,0
166444.99,201,0
-43027.96,208,1
49796.61,118,0
9680.07,63,0
72529.15,210,0
194281.16,175,0
93939.99,27,0
97919.63,163,0
1120.62,81,1
133232.08,115,0
26140.35,229,1
209739.03,197,0
209666.38,129,0
141002.86,64,0
-41659.85,105,0
180567.67,167,0
200530.09,106,0
80329.64,201,0
189107.46,90,0
-46300.30,116,0
145094.77,147,0
235901.16,75,0
17560.76,22,0
64855.30,86,0
178533.13,174,0
112408.88,106,0
13953.30,124,0
153335.46,118,0
43231.32,171,1
60222.71,15,1
156969.02,147,0
19806.97,238,0
224179.90,235,0
75358.50,61,1
68445.04,50,0
211995.46,7,0
233394.98,2,0
18152.22,48,1
-998.84,49,1
144166.14,78,0
32448.09,205,0
124985.95,74,0
56205.57,49,0
-29687.82,26,1
227497.91,69,0
80973.83,66,1
57951.94,182,0
36994.93,215,0
180562.47,176,0
-47749.90,50,1
197735.83,136,0
188617.76,56,0
139500.29,225,0
87478.05,32,0
123198.38,23,1
-11017.93,223,0
-40779.16,228,0
105950.53,215,0
138206.37,56,0
-2141.87,218,0
-2841.86,160,0
68469.50,13,0
-28660.83,127,1
105308.82,55,1
115422.65,62,1
138365.03,159,0
52093.43,72,0
108488.53,73,0
81803.97,82,1
220580.64,103,0
-5205.03,184,0
247168.27,6,0
179984.12,63,0
17069.53,239,0
-22237.59,186,0
23992.12,80,0
93556.36,176,0
155664.65,120,0
215981.81,129,0
156045.51,145,0
102055.41,108,0
240029.42,131,0
213505.76,119,0
78570.83,185,0
-49989.08,174,1
10779.83,22,1
150780.19,231,0
-35908.69,116,1
119803.93,95,1
35303.33,217,0
242993.35,13,0
42749.79,28,1
-44397.17,34,0
180182.50,105,0
108497.67,150,0
117119.89,129,0
63842.21,185,0
98620.84,94,0
-22181.06,60,1
240114.48,194,0
191745.16,84,0
138105.22,72,0
227905.04,42,0
56954.14,23,0
224475.06,176,0
77093.93,177,0
-5320.24,32,0
-27213.74,49,1
224677.99,177,0
-17726.94,148,0
149646.60,229,0
17373.95,136,0
61579.29,92,0
194643.80,230,0
-44760.29,197,1
-41548.34,189,0
1260.34,214,0
45441.14,80,0
60243.45,96,0
-24673.24,12,1
201081.28,172,0
-2360.37,112,0
58254.51,9,0
-9098.96,8,1
-16305.66,14,1
161874.66,92,0
244957.44,211,0
45524.08,233,0
16984.89,50,1
-5262.45,211,1
-23485.63,149,0
-18466.55,189,0
177913.08,131,0
41982.29,36,1
-22584.20,183,0
248124.88,12,1
42782.25,121,0
71335.39,171,0
94539.49,76,0
185608.77,221,0
239526.79,206,0
175231.46,128,0
1831.95,127,1
240951.38,47,0
174704.07,32,0
213447.36,113,0
167889.96,81,1
35589.24,202,0
101594.69,105,0
-3740.59,152,1
38609.64,215,0
-29980.66,114,1
156035.60,239,0
196135.99,206,0
52171.33,33,1
99607.11,213,0
104293.56,14,1
131739.93,238,0
-9858.32,125,0
77836.99,216,0
38514.35,20,1
-26130.47,147,0
26357.36,62,1
-337.21,111,1
101938.59,8,0
-14697.12,186,1
-28953.91,169,1
3837.18,96,1
140136.30,108,0
209418.46,180,0
184700.48,77,0
132261.97,139,0
9641.47,190,0
122905.39,17,0
-42242.92,16,1
166963.66,226,0
161701.08,223,0
-5773.11,115,1
222959.00,4,1
8085.79,22,1
184430.29,198,0
227960.99,5,0
-23019.15,3,1
139467.52,35,1
184347.78,169,0
224113.05,190,0
-32800.81,61,1
-9493.71,11,1
147838.97,113,0
37840.68,117,0
51980.45,229,0
-223.96,210,0
112400.96,116,0
17480.49,212,1
-40240.03,124,1
185585.02,63,1
717.37,168,1
215278.03,201,0
45961.99,160,0
-24293.34,50,1
222476.03,28,0
22733.64,18,1
-18258.66,110,1
164671.25,21,0
-47125.01,153,1
61663.11,66,1
146386.49,166,0
185962.48,156,0
105182.97,4,1
161419.81,85,0
83946.31,183,0
-7714.93,162,0
76656.87,128,0
82479.19,136,0
67165.68,186,0
-7538.40,43,0
141235.78,88,0
130405.83,228,0
15244.30,202,0
109775.80,17,0
239850.70,123,0
203675.66,125,0
96671.33,108,0
30482.61,30,1
164546.32,52,0
5877.80,176,0
242891.78,102,0
20059.11,208,0
-2131.30,99,0
126288.39,150,0
20109.00,25,1
73103.68,183,0
246220.19,186,0
71544.91,20,1
132886.99,115,0
5751.45,5,1
19284.05,33,1
63642.06,150,0
160734.21,239,0
29631.47,211,0
161285.73,28,1
64821.11,146,0
